y,x,char,value
0,0,-,0.1431036740541458
0,1,-,0.13333162665367126
0,2,-,0.007656855974346399
0,3,-,0.01858561672270298
0,4,-,0.012033435516059399
0,5,-,0.010506209917366505
0,6,-,0.017403176054358482
0,7,-,0.012976518832147121
0,8,-,0.005009056534618139
0,9,-,0.004890021402388811
0,10,-,0.004383191931992769
0,11,-,0.04255017638206482
0,12,-,0.41858136653900146
0,13,-,1.03205144405365
0,14,-,0.36143842339515686
0,15,-,0.06495092809200287
0,16,-,0.021192803978919983
0,17,-,0.014304892159998417
0,18,-,0.008739924058318138
0,19,-,0.010521418415009975
0,20,-,0.021377092227339745
0,21,-,0.03027159906923771
0,22,-,0.02696136198937893
0,23,-,0.038429129868745804
0,24,-,0.036866627633571625
0,25,-,0.033324532210826874
0,26,-,0.04117225855588913
0,27,-,0.01903575472533703
0,28,-,0.014158914797008038
0,29,-,0.05518350377678871
0,30,-,0.08560151606798172
0,31,-,0.018398098647594452
0,32,-,0.020275717601180077
0,33,-,0.04616128280758858
0,34,-,0.07345765829086304
0,35,-,0.06887857615947723
0,36,-,0.1553422063589096
0,37,-,0.0622430145740509
0,38,-,0.43312591314315796
0,39,-,0.3889990746974945
0,40,-,1.5600078105926514
0,41,-,0.6478421688079834
0,42,-,0.14094775915145874
0,43,-,0.0
0,44,-,0.0
0,45,-,0.0
0,46,-,0.0
0,47,-,0.0
0,48,-,0.0
0,49,-,0.0
0,50,-,0.0
0,51,-,0.0
0,52,-,0.0
0,53,-,0.0
0,54,-,0.0
0,55,-,0.0
0,56,-,0.0
0,57,-,0.0
0,58,-,0.0
0,59,-,0.0
0,60,-,0.0
0,61,-,0.0
0,62,-,0.0
0,63,-,0.0
0,64,-,0.0
0,65,-,0.0
0,66,-,0.0
0,67,-,0.0
0,68,-,0.0
0,69,-,0.0
0,70,-,0.0
0,71,-,0.0
0,72,-,0.0
0,73,-,0.0
0,74,-,0.0
0,75,-,0.0
0,76,-,0.0
0,77,-,0.0
0,78,-,0.0
0,79,-,0.0
0,80,-,0.0
0,81,-,0.0
0,82,-,0.0
0,83,-,0.0
0,84,-,0.0
0,85,-,0.0
0,86,-,0.0
0,87,-,0.0
0,88,-,0.0
0,89,-,0.0
0,90,-,0.0
0,91,-,0.0
0,92,-,0.0
0,93,-,0.0
0,94,-,0.0
0,95,-,0.0
0,96,-,0.0
0,97,-,0.0
0,98,-,0.0
0,99,-,0.0
1,0,-,0.46707332134246826
1,1,-,0.5291418433189392
1,2,-,0.06319065392017365
1,3,-,0.02269032970070839
1,4,-,0.0182068832218647
1,5,-,0.013258222490549088
1,6,-,0.0183723121881485
1,7,-,0.014965297654271126
1,8,-,0.008401901461184025
1,9,-,0.008462927304208279
1,10,-,0.015867117792367935
1,11,-,0.03781256452202797
1,12,-,0.09246361255645752
1,13,-,0.0495249480009079
1,14,-,0.032797835767269135
1,15,-,0.05079541355371475
1,16,-,0.10121513903141022
1,17,-,0.09248307347297668
1,18,-,0.036506351083517075
1,19,-,0.018692798912525177
1,20,-,0.016654402017593384
1,21,-,0.02544635348021984
1,22,-,0.06236790865659714
1,23,-,0.05253400653600693
1,24,-,0.041360192000865936
1,25,-,0.05854498967528343
1,26,-,0.11285009235143661
1,27,-,0.03812456503510475
1,28,-,0.018529919907450676
1,29,-,0.02542978711426258
1,30,-,0.032571062445640564
1,31,-,0.02271469682455063
1,32,-,0.010973861441016197
1,33,-,0.07258222997188568
1,34,-,0.03606301546096802
1,35,-,0.07254937291145325
1,36,-,0.2532649636268616
1,37,-,0.07851192355155945
1,38,-,0.5045768022537231
1,39,-,0.5150600671768188
1,40,-,2.1351895332336426
1,41,-,1.707845687866211
1,42,-,0.15400183200836182
1,43,-,0.0
1,44,-,0.0
1,45,-,0.0
1,46,-,0.0
1,47,-,0.0
1,48,-,0.0
1,49,-,0.0
1,50,-,0.0
1,51,-,0.0
1,52,-,0.0
1,53,-,0.0
1,54,-,0.0
1,55,-,0.0
1,56,-,0.0
1,57,-,0.0
1,58,-,0.0
1,59,-,0.0
1,60,-,0.0
1,61,-,0.0
1,62,-,0.0
1,63,-,0.0
1,64,-,0.0
1,65,-,0.0
1,66,-,0.0
1,67,-,0.0
1,68,-,0.0
1,69,-,0.0
1,70,-,0.0
1,71,-,0.0
1,72,-,0.0
1,73,-,0.0
1,74,-,0.0
1,75,-,0.0
1,76,-,0.0
1,77,-,0.0
1,78,-,0.0
1,79,-,0.0
1,80,-,0.0
1,81,-,0.0
1,82,-,0.0
1,83,-,0.0
1,84,-,0.0
1,85,-,0.0
1,86,-,0.0
1,87,-,0.0
1,88,-,0.0
1,89,-,0.0
1,90,-,0.0
1,91,-,0.0
1,92,-,0.0
1,93,-,0.0
1,94,-,0.0
1,95,-,0.0
1,96,-,0.0
1,97,-,0.0
1,98,-,0.0
1,99,-,0.0
2,0,-,0.5300417542457581
2,1,-,0.6677146553993225
2,2,-,0.1276664286851883
2,3,-,0.009209318086504936
2,4,-,0.00871830340474844
2,5,-,0.006348500959575176
2,6,-,0.016538159921765327
2,7,-,0.027458908036351204
2,8,-,0.012975924648344517
2,9,-,0.007279367186129093
2,10,-,0.010404645465314388
2,11,-,0.021597161889076233
2,12,-,0.04478588327765465
2,13,-,0.10089927166700363
2,14,-,0.050563689321279526
2,15,-,0.06271793693304062
2,16,-,0.10377274453639984
2,17,-,0.10370643436908722
2,18,-,0.04443344846367836
2,19,-,0.01827879436314106
2,20,-,0.011533025652170181
2,21,-,0.016680695116519928
2,22,-,0.028151843696832657
2,23,-,0.038738153874874115
2,24,-,0.0645596981048584
2,25,-,0.15019436180591583
2,26,-,0.05286913737654686
2,27,-,0.01719658449292183
2,28,-,0.015429744496941566
2,29,-,0.03788645565509796
2,30,-,0.031169408932328224
2,31,-,0.011025805026292801
2,32,-,0.026332395151257515
2,33,-,0.05273643508553505
2,34,-,0.025043576955795288
2,35,-,0.023633504286408424
2,36,-,0.07017930597066879
2,37,-,0.06081409752368927
2,38,-,0.18577700853347778
2,39,-,0.16616560518741608
2,40,-,1.3419159650802612
2,41,-,2.2802648544311523
2,42,-,0.5900815725326538
2,43,-,0.0
2,44,-,0.0
2,45,-,0.0
2,46,-,0.0
2,47,-,0.0
2,48,-,0.0
2,49,-,0.0
2,50,-,0.0
2,51,-,0.0
2,52,-,0.0
2,53,-,0.0
2,54,-,0.0
2,55,-,0.0
2,56,-,0.0
2,57,-,0.0
2,58,-,0.0
2,59,-,0.0
2,60,-,0.0
2,61,-,0.0
2,62,-,0.0
2,63,-,0.0
2,64,-,0.0
2,65,-,0.0
2,66,-,0.0
2,67,-,0.0
2,68,-,0.0
2,69,-,0.0
2,70,-,0.0
2,71,-,0.0
2,72,-,0.0
2,73,-,0.0
2,74,-,0.0
2,75,-,0.0
2,76,-,0.0
2,77,-,0.0
2,78,-,0.0
2,79,-,0.0
2,80,-,0.0
2,81,-,0.0
2,82,-,0.0
2,83,-,0.0
2,84,-,0.0
2,85,-,0.0
2,86,-,0.0
2,87,-,0.0
2,88,-,0.0
2,89,-,0.0
2,90,-,0.0
2,91,-,0.0
2,92,-,0.0
2,93,-,0.0
2,94,-,0.0
2,95,-,0.0
2,96,-,0.0
2,97,-,0.0
2,98,-,0.0
2,99,-,0.0
3,0,-,0.052280243486166
3,1,-,0.05495711788535118
3,2,-,0.00857924111187458
3,3,-,0.00674272608011961
3,4,-,0.007840941660106182
3,5,-,0.0069877393543720245
3,6,-,0.0053872535936534405
3,7,-,0.006040582899004221
3,8,-,0.0057747941464185715
3,9,-,0.006776966620236635
3,10,-,0.009172553196549416
3,11,-,0.015569647774100304
3,12,-,0.029132798314094543
3,13,-,0.036234986037015915
3,14,-,0.021913714706897736
3,15,-,0.01968366652727127
3,16,-,0.02411583811044693
3,17,-,0.018089978024363518
3,18,-,0.011209653690457344
3,19,-,0.008442898280918598
3,20,-,0.014730297029018402
3,21,-,0.019783785566687584
3,22,-,0.027033276855945587
3,23,-,0.03381192311644554
3,24,-,0.0561833493411541
3,25,-,0.02826535329222679
3,26,-,0.011458899825811386
3,27,-,0.010859305039048195
3,28,-,0.016550250351428986
3,29,T,0.5451136827468872
3,30,T,0.3197699785232544
3,31,T,1.223758339881897
3,32,T,1.4567582607269287
3,33,T,0.15752537548542023
3,34,T,0.524956226348877
3,35,T,2.4744644165039062
3,36,T,1.6763044595718384
3,37,T,0.38896751403808594
3,38,T,0.2557353675365448
3,39,T,0.5745014548301697
3,40,T,1.043115258216858
3,41,T,0.11427157372236252
3,42,T,0.7436702251434326
3,43,T,0.0
3,44,-,0.0
3,45,-,0.0
3,46,-,0.0
3,47,-,0.0
3,48,-,0.0
3,49,-,0.0
3,50,-,0.0
3,51,-,0.0
3,52,-,0.0
3,53,-,0.0
3,54,-,0.0
3,55,-,0.0
3,56,-,0.0
3,57,-,0.0
3,58,-,0.0
3,59,-,0.0
3,60,-,0.0
3,61,-,0.0
3,62,-,0.0
3,63,-,0.0
3,64,-,0.0
3,65,-,0.0
3,66,-,0.0
3,67,-,0.0
3,68,-,0.0
3,69,-,0.0
3,70,-,0.0
3,71,-,0.0
3,72,-,0.0
3,73,-,0.0
3,74,-,0.0
3,75,-,0.0
3,76,-,0.0
3,77,-,0.0
3,78,-,0.0
3,79,-,0.0
3,80,-,0.0
3,81,-,0.0
3,82,-,0.0
3,83,-,0.0
3,84,-,0.0
3,85,-,0.0
3,86,-,0.0
3,87,-,0.0
3,88,-,0.0
3,89,-,0.0
3,90,-,0.0
3,91,-,0.0
3,92,-,0.0
3,93,-,0.0
3,94,-,0.0
3,95,-,0.0
3,96,-,0.0
3,97,-,0.0
3,98,-,0.0
3,99,-,0.0
4,0,-,0.3448806703090668
4,1,-,0.11536458134651184
4,2,-,0.04808634892106056
4,3,-,0.021601589396595955
4,4,-,0.01175003033131361
4,5,-,0.006789667531847954
4,6,-,0.006100127473473549
4,7,-,0.009554261341691017
4,8,-,0.006854327395558357
4,9,-,0.006671268492937088
4,10,-,0.007198176346719265
4,11,-,0.008260408416390419
4,12,-,0.009776505641639233
4,13,-,0.012341180816292763
4,14,-,0.012821592390537262
4,15,-,0.016842341050505638
4,16,-,0.1779337227344513
4,17,-,0.032514773309230804
4,18,-,0.02156584896147251
4,19,-,0.014734725467860699
4,20,-,0.01614912413060665
4,21,-,0.01839594915509224
4,22,-,0.025597862899303436
4,23,-,0.01685584895312786
4,24,-,0.012754186056554317
4,25,-,0.01261303573846817
4,26,-,0.010604389011859894
4,27,-,0.008942579850554466
4,28,-,0.009368227794766426
4,29,T,2.4472196102142334
4,30,-,0.023308411240577698
4,31,-,0.024118419736623764
4,32,-,0.0354873426258564
4,33,-,0.06582951545715332
4,34,-,0.051456622779369354
4,35,-,0.1841486543416977
4,36,-,0.27195921540260315
4,37,-,0.023079628124833107
4,38,-,0.04367804899811745
4,39,-,0.08941885083913803
4,40,-,0.34151849150657654
4,41,-,0.09612318128347397
4,42,-,0.13257378339767456
4,43,T,0.3358975052833557
4,44,-,0.0
4,45,-,0.0
4,46,-,0.0
4,47,-,0.0
4,48,-,0.0
4,49,-,0.0
4,50,-,0.0
4,51,-,0.0
4,52,-,0.0
4,53,-,0.0
4,54,-,0.0
4,55,-,0.0
4,56,-,0.0
4,57,-,0.0
4,58,-,0.0
4,59,-,0.0
4,60,-,0.0
4,61,-,0.0
4,62,-,0.0
4,63,-,0.0
4,64,-,0.0
4,65,-,0.0
4,66,-,0.0
4,67,-,0.0
4,68,-,0.0
4,69,-,0.0
4,70,-,0.0
4,71,-,0.0
4,72,-,0.0
4,73,-,0.0
4,74,-,0.0
4,75,-,0.0
4,76,-,0.0
4,77,-,0.0
4,78,-,0.0
4,79,-,0.0
4,80,-,0.0
4,81,-,0.0
4,82,-,0.0
4,83,-,0.0
4,84,-,0.0
4,85,-,0.0
4,86,-,0.0
4,87,-,0.0
4,88,-,0.0
4,89,-,0.0
4,90,-,0.0
4,91,-,0.0
4,92,-,0.0
4,93,-,0.0
4,94,-,0.0
4,95,-,0.0
4,96,-,0.0
4,97,-,0.0
4,98,-,0.0
4,99,-,0.0
5,0,-,0.859441876411438
5,1,-,0.3793502748012543
5,2,-,0.15752637386322021
5,3,-,0.0534864105284214
5,4,-,0.36837178468704224
5,5,-,0.05279899016022682
5,6,-,0.06496075540781021
5,7,-,0.060312893241643906
5,8,-,0.008388170972466469
5,9,-,0.005446850322186947
5,10,-,0.006267115008085966
5,11,-,0.00649503106251359
5,12,-,0.017513303086161613
5,13,-,0.040344130247831345
5,14,-,0.04244348034262657
5,15,-,0.10246450453996658
5,16,-,0.3217368423938751
5,17,-,0.4438565671443939
5,18,-,0.15350431203842163
5,19,-,0.06888893991708755
5,20,-,0.028967829421162605
5,21,-,0.03373406454920769
5,22,-,0.054256927222013474
5,23,-,0.044732674956321716
5,24,-,0.044593505561351776
5,25,-,0.07665016502141953
5,26,-,0.041606299579143524
5,27,-,0.012144683860242367
5,28,-,0.026893844828009605
5,29,T,0.8767642378807068
5,30,-,0.030108826234936714
5,31,-,0.009247281588613987
5,32,-,0.06433148682117462
5,33,-,0.04124154895544052
5,34,-,0.016435950994491577
5,35,-,0.10457685589790344
5,36,-,0.4561842679977417
5,37,-,0.054982706904411316
5,38,-,0.07613982260227203
5,39,-,0.25707176327705383
5,40,-,1.3842869997024536
5,41,-,0.2629302442073822
5,42,-,0.17390033602714539
5,43,T,0.022348254919052124
5,44,-,0.0
5,45,-,0.0
5,46,-,0.0
5,47,-,0.0
5,48,-,0.0
5,49,-,0.0
5,50,-,0.0
5,51,-,0.0
5,52,-,0.0
5,53,-,0.0
5,54,-,0.0
5,55,-,0.0
5,56,-,0.0
5,57,-,0.0
5,58,-,0.0
5,59,-,0.0
5,60,-,0.0
5,61,-,0.0
5,62,-,0.0
5,63,-,0.0
5,64,-,0.0
5,65,-,0.0
5,66,-,0.0
5,67,-,0.0
5,68,-,0.0
5,69,-,0.0
5,70,-,0.0
5,71,-,0.0
5,72,-,0.0
5,73,-,0.0
5,74,-,0.0
5,75,-,0.0
5,76,-,0.0
5,77,-,0.0
5,78,-,0.0
5,79,-,0.0
5,80,-,0.0
5,81,-,0.0
5,82,-,0.0
5,83,-,0.0
5,84,-,0.0
5,85,-,0.0
5,86,-,0.0
5,87,-,0.0
5,88,-,0.0
5,89,-,0.0
5,90,-,0.0
5,91,-,0.0
5,92,-,0.0
5,93,-,0.0
5,94,-,0.0
5,95,-,0.0
5,96,-,0.0
5,97,-,0.0
5,98,-,0.0
5,99,-,0.0
6,0,-,0.09244631230831146
6,1,-,0.057342980057001114
6,2,-,0.02454320713877678
6,3,-,0.028291983529925346
6,4,-,1.1746710538864136
6,5,-,0.12742020189762115
6,6,-,0.01983625628054142
6,7,-,0.02921050600707531
6,8,-,0.006278057582676411
6,9,-,0.006043111439794302
6,10,-,0.007697028573602438
6,11,-,0.009416391141712666
6,12,-,0.02157074213027954
6,13,-,0.04734793305397034
6,14,-,0.03455818071961403
6,15,-,0.037051908671855927
6,16,-,0.0842684730887413
6,17,-,0.08963919430971146
6,18,-,0.0635649561882019
6,19,-,0.035627469420433044
6,20,-,0.024281073361635208
6,21,-,0.01858581230044365
6,22,-,0.02564726397395134
6,23,-,0.0374024398624897
6,24,-,0.03314695507287979
6,25,-,0.022998010739684105
6,26,-,0.01312971767038107
6,27,-,0.0075980303809046745
6,28,-,0.024286160245537758
6,29,T,0.846724271774292
6,30,-,0.03563578054308891
6,31,-,0.03947311267256737
6,32,-,0.07800726592540741
6,33,-,0.1529000848531723
6,34,-,0.04438798874616623
6,35,-,0.09520874172449112
6,36,-,0.24593038856983185
6,37,-,0.12321474403142929
6,38,-,0.06611499190330505
6,39,-,0.25657936930656433
6,40,-,0.195627361536026
6,41,-,0.1597127765417099
6,42,-,1.3947268724441528
6,43,T,0.1776260882616043
6,44,-,0.0
6,45,-,0.0
6,46,-,0.0
6,47,-,0.0
6,48,-,0.0
6,49,-,0.0
6,50,-,0.0
6,51,-,0.0
6,52,-,0.0
6,53,-,0.0
6,54,-,0.0
6,55,-,0.0
6,56,-,0.0
6,57,-,0.0
6,58,-,0.0
6,59,-,0.0
6,60,-,0.0
6,61,-,0.0
6,62,-,0.0
6,63,-,0.0
6,64,-,0.0
6,65,-,0.0
6,66,-,0.0
6,67,-,0.0
6,68,-,0.0
6,69,-,0.0
6,70,-,0.0
6,71,-,0.0
6,72,-,0.0
6,73,-,0.0
6,74,-,0.0
6,75,-,0.0
6,76,-,0.0
6,77,-,0.0
6,78,-,0.0
6,79,-,0.0
6,80,-,0.0
6,81,-,0.0
6,82,-,0.0
6,83,-,0.0
6,84,-,0.0
6,85,-,0.0
6,86,-,0.0
6,87,-,0.0
6,88,-,0.0
6,89,-,0.0
6,90,-,0.0
6,91,-,0.0
6,92,-,0.0
6,93,-,0.0
6,94,-,0.0
6,95,-,0.0
6,96,-,0.0
6,97,-,0.0
6,98,-,0.0
6,99,-,0.0
7,0,-,0.04275856912136078
7,1,-,0.03327542915940285
7,2,-,0.011275164783000946
7,3,-,0.004696162883192301
7,4,-,0.04897809773683548
7,5,-,0.006744322832673788
7,6,-,0.006617109756916761
7,7,-,0.008295530453324318
7,8,-,0.004112436436116695
7,9,-,0.00494206789880991
7,10,-,0.007528015878051519
7,11,-,0.008492974564433098
7,12,-,0.008684320375323296
7,13,-,0.015757188200950623
7,14,-,0.011136791668832302
7,15,-,0.014150516130030155
7,16,-,0.024729404598474503
7,17,-,0.020637141540646553
7,18,-,0.008667086251080036
7,19,-,0.009153803810477257
7,20,-,0.019848043099045753
7,21,-,0.028261849656701088
7,22,-,0.026844419538974762
7,23,-,0.024383367970585823
7,24,-,0.024837372824549675
7,25,-,0.02019464783370495
7,26,-,0.012850879691541195
7,27,-,0.008005046285688877
7,28,-,0.01392396166920662
7,29,T,1.2260727882385254
7,30,-,1.2385624647140503
7,31,-,0.0200112946331501
7,32,-,0.03503502532839775
7,33,-,0.0236821249127388
7,34,-,0.018654771149158478
7,35,-,0.015925392508506775
7,36,-,0.10536262392997742
7,37,-,0.13467171788215637
7,38,-,0.1819995641708374
7,39,-,0.11776179820299149
7,40,-,0.434394508600235
7,41,-,0.6544475555419922
7,42,-,0.2944389879703522
7,43,T,0.1353132277727127
7,44,-,0.0
7,45,-,0.0
7,46,-,0.0
7,47,-,0.0
7,48,-,0.0
7,49,-,0.0
7,50,-,0.0
7,51,-,0.0
7,52,-,0.0
7,53,-,0.0
7,54,-,0.0
7,55,-,0.0
7,56,-,0.0
7,57,-,0.0
7,58,-,0.0
7,59,-,0.0
7,60,-,0.0
7,61,-,0.0
7,62,-,0.0
7,63,-,0.0
7,64,-,0.0
7,65,-,0.0
7,66,-,0.0
7,67,-,0.0
7,68,-,0.0
7,69,-,0.0
7,70,-,0.0
7,71,-,0.0
7,72,-,0.0
7,73,-,0.0
7,74,-,0.0
7,75,-,0.0
7,76,-,0.0
7,77,-,0.0
7,78,-,0.0
7,79,-,0.0
7,80,-,0.0
7,81,-,0.0
7,82,-,0.0
7,83,-,0.0
7,84,-,0.0
7,85,-,0.0
7,86,-,0.0
7,87,-,0.0
7,88,-,0.0
7,89,-,0.0
7,90,-,0.0
7,91,-,0.0
7,92,-,0.0
7,93,-,0.0
7,94,-,0.0
7,95,-,0.0
7,96,-,0.0
7,97,-,0.0
7,98,-,0.0
7,99,-,0.0
8,0,-,0.22391961514949799
8,1,-,0.1194147914648056
8,2,-,0.08450707793235779
8,3,-,0.10631844401359558
8,4,-,0.07934453338384628
8,5,-,0.017636889591813087
8,6,-,0.10613977164030075
8,7,-,0.16884027421474457
8,8,-,0.028630008921027184
8,9,-,0.023785829544067383
8,10,-,0.08347344398498535
8,11,-,0.09598363190889359
8,12,-,0.051831308752298355
8,13,-,0.03020978532731533
8,14,-,0.028291039168834686
8,15,-,0.11264488101005554
8,16,-,0.41614118218421936
8,17,-,0.3253319561481476
8,18,-,0.04640478640794754
8,19,-,0.016383731737732887
8,20,-,0.024153245612978935
8,21,-,0.036327555775642395
8,22,-,0.04092734307050705
8,23,-,0.03636302798986435
8,24,-,0.05136825889348984
8,25,-,0.03905129060149193
8,26,-,0.040939219295978546
8,27,-,0.03749965876340866
8,28,-,0.08200103044509888
8,29,T,0.9471169114112854
8,30,-,0.7442777156829834
8,31,-,0.04594480246305466
8,32,-,0.056821003556251526
8,33,-,0.3492549955844879
8,34,-,0.050485529005527496
8,35,-,0.03428979963064194
8,36,-,0.11831117421388626
8,37,-,0.13480566442012787
8,38,-,0.44272667169570923
8,39,-,0.9907287359237671
8,40,-,0.43018579483032227
8,41,-,0.9547125101089478
8,42,-,0.12159724533557892
8,43,T,0.03681165352463722
8,44,-,0.0
8,45,-,0.0
8,46,-,0.0
8,47,-,0.0
8,48,-,0.0
8,49,-,0.0
8,50,-,0.0
8,51,-,0.0
8,52,-,0.0
8,53,-,0.0
8,54,-,0.0
8,55,-,0.0
8,56,-,0.0
8,57,-,0.0
8,58,-,0.0
8,59,-,0.0
8,60,-,0.0
8,61,-,0.0
8,62,-,0.0
8,63,-,0.0
8,64,-,0.0
8,65,-,0.0
8,66,-,0.0
8,67,-,0.0
8,68,-,0.0
8,69,-,0.0
8,70,-,0.0
8,71,-,0.0
8,72,-,0.0
8,73,-,0.0
8,74,-,0.0
8,75,-,0.0
8,76,-,0.0
8,77,-,0.0
8,78,-,0.0
8,79,-,0.0
8,80,-,0.0
8,81,-,0.0
8,82,-,0.0
8,83,-,0.0
8,84,-,0.0
8,85,-,0.0
8,86,-,0.0
8,87,-,0.0
8,88,-,0.0
8,89,-,0.0
8,90,-,0.0
8,91,-,0.0
8,92,-,0.0
8,93,-,0.0
8,94,-,0.0
8,95,-,0.0
8,96,-,0.0
8,97,-,0.0
8,98,-,0.0
8,99,-,0.0
9,0,-,0.0513961985707283
9,1,-,0.01946825347840786
9,2,-,0.02013157680630684
9,3,-,0.02634519897401333
9,4,-,0.014969483949244022
9,5,-,0.008883390575647354
9,6,-,0.009097671136260033
9,7,-,0.014737088233232498
9,8,-,0.0068440912291407585
9,9,-,0.009748156182467937
9,10,-,0.03144851699471474
9,11,-,0.02672441303730011
9,12,-,0.022476939484477043
9,13,-,0.026036715134978294
9,14,-,0.023455318063497543
9,15,-,0.04195191711187363
9,16,-,0.20410209894180298
9,17,-,0.1948256492614746
9,18,-,0.02944342978298664
9,19,-,0.010299110785126686
9,20,-,0.02512960135936737
9,21,-,0.0358097180724144
9,22,-,0.03814482316374779
9,23,-,0.038662079721689224
9,24,-,0.0310918428003788
9,25,-,0.02677825093269348
9,26,-,0.09012848138809204
9,27,-,0.039985526353120804
9,28,-,0.05916426703333855
9,29,T,1.993168830871582
9,30,T,0.25935545563697815
9,31,T,0.2280176281929016
9,32,T,0.6915297508239746
9,33,T,1.4640682935714722
9,34,T,0.5461868643760681
9,35,T,0.1785372793674469
9,36,T,0.31719061732292175
9,37,T,0.5944828987121582
9,38,T,2.463313579559326
9,39,T,0.3433559834957123
9,40,T,0.37290552258491516
9,41,T,0.6674187779426575
9,42,T,0.09313802421092987
9,43,T,0.10487766563892365
9,44,-,0.0
9,45,-,0.0
9,46,-,0.0
9,47,-,0.0
9,48,-,0.0
9,49,-,0.0
9,50,-,0.0
9,51,-,0.0
9,52,-,0.0
9,53,-,0.0
9,54,-,0.0
9,55,-,0.0
9,56,-,0.0
9,57,-,0.0
9,58,-,0.0
9,59,-,0.0
9,60,-,0.0
9,61,-,0.0
9,62,-,0.0
9,63,-,0.0
9,64,-,0.0
9,65,-,0.0
9,66,-,0.0
9,67,-,0.0
9,68,-,0.0
9,69,-,0.0
9,70,-,0.0
9,71,-,0.0
9,72,-,0.0
9,73,-,0.0
9,74,-,0.0
9,75,-,0.0
9,76,-,0.0
9,77,-,0.0
9,78,-,0.0
9,79,-,0.0
9,80,-,0.0
9,81,-,0.0
9,82,-,0.0
9,83,-,0.0
9,84,-,0.0
9,85,-,0.0
9,86,-,0.0
9,87,-,0.0
9,88,-,0.0
9,89,-,0.0
9,90,-,0.0
9,91,-,0.0
9,92,-,0.0
9,93,-,0.0
9,94,-,0.0
9,95,-,0.0
9,96,-,0.0
9,97,-,0.0
9,98,-,0.0
9,99,-,0.0
10,0,-,0.028443044051527977
10,1,-,0.02232225053012371
10,2,-,0.012180663645267487
10,3,-,0.010884856805205345
10,4,-,0.006551402620971203
10,5,-,0.005446505732834339
10,6,-,0.005696433130651712
10,7,-,0.010027220472693443
10,8,-,0.005324744153767824
10,9,-,0.004982066340744495
10,10,-,0.007715494837611914
10,11,-,0.008462042547762394
10,12,-,0.02618199586868286
10,13,-,0.06859122216701508
10,14,-,0.02028374932706356
10,15,-,0.009748181328177452
10,16,-,0.02131778933107853
10,17,-,0.02112387865781784
10,18,-,0.010011062026023865
10,19,-,0.01019420474767685
10,20,-,0.02172216586768627
10,21,-,0.04155735671520233
10,22,-,0.04635036364197731
10,23,-,0.07801836729049683
10,24,-,0.03323101997375488
10,25,-,0.01849362440407276
10,26,-,0.01164911687374115
10,27,-,0.006928248796612024
10,28,-,0.008399436250329018
10,29,-,0.03418731316924095
10,30,-,0.07224176079034805
10,31,-,0.01831956021487713
10,32,-,0.01239731628447771
10,33,-,1.642587423324585
10,34,-,0.2820947766304016
10,35,-,0.020445270463824272
10,36,-,0.024676356464624405
10,37,-,0.07972485572099686
10,38,-,0.02127133496105671
10,39,-,0.019192930310964584
10,40,-,0.056581925600767136
10,41,-,0.2149001955986023
10,42,-,0.15828295052051544
10,43,-,0.14737261831760406
10,44,-,0.0
10,45,-,0.0
10,46,-,0.0
10,47,-,0.0
10,48,-,0.0
10,49,-,0.0
10,50,-,0.0
10,51,-,0.0
10,52,-,0.0
10,53,-,0.0
10,54,-,0.0
10,55,-,0.0
10,56,-,0.0
10,57,-,0.0
10,58,-,0.0
10,59,-,0.0
10,60,-,0.0
10,61,-,0.0
10,62,-,0.0
10,63,-,0.0
10,64,-,0.0
10,65,-,0.0
10,66,-,0.0
10,67,-,0.0
10,68,-,0.0
10,69,-,0.0
10,70,-,0.0
10,71,-,0.0
10,72,-,0.0
10,73,-,0.0
10,74,-,0.0
10,75,-,0.0
10,76,-,0.0
10,77,-,0.0
10,78,-,0.0
10,79,-,0.0
10,80,-,0.0
10,81,-,0.0
10,82,-,0.0
10,83,-,0.0
10,84,-,0.0
10,85,-,0.0
10,86,-,0.0
10,87,-,0.0
10,88,-,0.0
10,89,-,0.0
10,90,-,0.0
10,91,-,0.0
10,92,-,0.0
10,93,-,0.0
10,94,-,0.0
10,95,-,0.0
10,96,-,0.0
10,97,-,0.0
10,98,-,0.0
10,99,-,0.0
11,0,-,0.05269305408000946
11,1,-,0.03072449006140232
11,2,-,0.01718582585453987
11,3,-,0.011619839817285538
11,4,-,0.14386148750782013
11,5,-,0.016856133937835693
11,6,-,0.004232900682836771
11,7,-,0.00862540490925312
11,8,-,0.0052391523495316505
11,9,-,0.0036327869165688753
11,10,-,0.005521019455045462
11,11,-,0.007818828336894512
11,12,-,0.007945995777845383
11,13,-,0.009908474050462246
11,14,-,0.01018040906637907
11,15,-,0.014372643083333969
11,16,-,0.027710720896720886
11,17,-,0.01675228960812092
11,18,-,0.010055968537926674
11,19,-,0.010005863383412361
11,20,-,0.033811911940574646
11,21,-,0.0525018684566021
11,22,-,0.04551883786916733
11,23,-,0.0382130928337574
11,24,-,0.032294824719429016
11,25,-,0.029692338779568672
11,26,-,0.01961565762758255
11,27,-,0.008328257128596306
11,28,-,0.012754854746162891
11,29,-,0.06496050953865051
11,30,-,0.009382607415318489
11,31,-,0.01244348008185625
11,32,-,0.02057638019323349
11,33,-,0.33452308177948
11,34,-,0.48541921377182007
11,35,-,0.03760726377367973
11,36,-,0.04684022441506386
11,37,-,0.023587726056575775
11,38,-,0.029011167585849762
11,39,-,0.03433184698224068
11,40,-,0.038240332156419754
11,41,-,0.06688308715820312
11,42,-,0.07560761272907257
11,43,-,0.02534395083785057
11,44,-,0.0
11,45,-,0.0
11,46,-,0.0
11,47,-,0.0
11,48,-,0.0
11,49,-,0.0
11,50,-,0.0
11,51,-,0.0
11,52,-,0.0
11,53,-,0.0
11,54,-,0.0
11,55,-,0.0
11,56,-,0.0
11,57,-,0.0
11,58,-,0.0
11,59,-,0.0
11,60,-,0.0
11,61,-,0.0
11,62,-,0.0
11,63,-,0.0
11,64,-,0.0
11,65,-,0.0
11,66,-,0.0
11,67,-,0.0
11,68,-,0.0
11,69,-,0.0
11,70,-,0.0
11,71,-,0.0
11,72,-,0.0
11,73,-,0.0
11,74,-,0.0
11,75,-,0.0
11,76,-,0.0
11,77,-,0.0
11,78,-,0.0
11,79,-,0.0
11,80,-,0.0
11,81,-,0.0
11,82,-,0.0
11,83,-,0.0
11,84,-,0.0
11,85,-,0.0
11,86,-,0.0
11,87,-,0.0
11,88,-,0.0
11,89,-,0.0
11,90,-,0.0
11,91,-,0.0
11,92,-,0.0
11,93,-,0.0
11,94,-,0.0
11,95,-,0.0
11,96,-,0.0
11,97,-,0.0
11,98,-,0.0
11,99,-,0.0
12,0,-,0.18780212104320526
12,1,-,0.0358177088201046
12,2,-,0.01954103447496891
12,3,-,0.020776405930519104
12,4,-,0.10933744162321091
12,5,-,0.017236022278666496
12,6,-,0.0071639749221503735
12,7,-,0.011726013384759426
12,8,-,0.012093051336705685
12,9,-,0.0059952144511044025
12,10,-,0.010916465893387794
12,11,-,0.033355649560689926
12,12,-,0.06046266481280327
12,13,-,0.04496163874864578
12,14,-,0.03631056100130081
12,15,-,0.055198293179273605
12,16,-,0.10639917850494385
12,17,-,0.10009695589542389
12,18,-,0.04632744938135147
12,19,-,0.020707977935671806
12,20,-,0.04821484535932541
12,21,-,0.06880809366703033
12,22,-,0.07689841091632843
12,23,-,0.04615485668182373
12,24,-,0.043725304305553436
12,25,-,0.030330879613757133
12,26,-,0.20517602562904358
12,27,-,0.021035781130194664
12,28,-,0.014030680991709232
12,29,-,0.07561825215816498
12,30,-,0.37528976798057556
12,31,-,0.01204112358391285
12,32,-,0.32126539945602417
12,33,-,0.44407278299331665
12,34,-,0.1473720520734787
12,35,-,0.039037276059389114
12,36,-,0.021838828921318054
12,37,-,0.08768544346094131
12,38,-,0.054413456469774246
12,39,-,0.06015225499868393
12,40,-,0.040340129286050797
12,41,-,0.08290178328752518
12,42,-,0.06978349387645721
12,43,-,0.08680211007595062
12,44,-,0.0
12,45,-,0.0
12,46,-,0.0
12,47,-,0.0
12,48,-,0.0
12,49,-,0.0
12,50,-,0.0
12,51,-,0.0
12,52,-,0.0
12,53,-,0.0
12,54,-,0.0
12,55,-,0.0
12,56,-,0.0
12,57,-,0.0
12,58,-,0.0
12,59,-,0.0
12,60,-,0.0
12,61,-,0.0
12,62,-,0.0
12,63,-,0.0
12,64,-,0.0
12,65,-,0.0
12,66,-,0.0
12,67,-,0.0
12,68,-,0.0
12,69,-,0.0
12,70,-,0.0
12,71,-,0.0
12,72,-,0.0
12,73,-,0.0
12,74,-,0.0
12,75,-,0.0
12,76,-,0.0
12,77,-,0.0
12,78,-,0.0
12,79,-,0.0
12,80,-,0.0
12,81,-,0.0
12,82,-,0.0
12,83,-,0.0
12,84,-,0.0
12,85,-,0.0
12,86,-,0.0
12,87,-,0.0
12,88,-,0.0
12,89,-,0.0
12,90,-,0.0
12,91,-,0.0
12,92,-,0.0
12,93,-,0.0
12,94,-,0.0
12,95,-,0.0
12,96,-,0.0
12,97,-,0.0
12,98,-,0.0
12,99,-,0.0
13,0,-,0.2196478247642517
13,1,-,0.20068347454071045
13,2,-,0.04844849929213524
13,3,-,0.024063851684331894
13,4,-,0.011047286912798882
13,5,-,0.006557266227900982
13,6,-,0.010433686897158623
13,7,-,0.020687570795416832
13,8,-,0.028733057901263237
13,9,-,0.012174966745078564
13,10,-,0.01804265007376671
13,11,-,0.056257400661706924
13,12,-,0.013755680061876774
13,13,-,0.018701357766985893
13,14,-,0.04575137794017792
13,15,-,0.08489169925451279
13,16,-,0.1574777215719223
13,17,-,0.11983563750982285
13,18,-,0.2099529504776001
13,19,-,0.03427901118993759
13,20,-,0.03673245757818222
13,21,-,0.0762881189584732
13,22,-,0.051282405853271484
13,23,-,0.04088034853339195
13,24,-,0.13340845704078674
13,25,-,0.03435011953115463
13,26,-,0.03758438304066658
13,27,-,0.018045706674456596
13,28,-,0.02359381504356861
13,29,-,0.09220892935991287
13,30,-,0.13559474050998688
13,31,-,0.02295478992164135
13,32,-,0.21053802967071533
13,33,-,0.05379574000835419
13,34,-,0.14655016362667084
13,35,-,0.04449774697422981
13,36,-,0.04246613010764122
13,37,-,0.0765334814786911
13,38,-,0.15792261064052582
13,39,-,0.14201825857162476
13,40,-,0.11472249031066895
13,41,-,0.6784215569496155
13,42,-,0.32942208647727966
13,43,-,0.12045373022556305
13,44,-,0.0
13,45,-,0.0
13,46,-,0.0
13,47,-,0.0
13,48,-,0.0
13,49,-,0.0
13,50,-,0.0
13,51,-,0.0
13,52,-,0.0
13,53,-,0.0
13,54,-,0.0
13,55,-,0.0
13,56,-,0.0
13,57,-,0.0
13,58,-,0.0
13,59,-,0.0
13,60,-,0.0
13,61,-,0.0
13,62,-,0.0
13,63,-,0.0
13,64,-,0.0
13,65,-,0.0
13,66,-,0.0
13,67,-,0.0
13,68,-,0.0
13,69,-,0.0
13,70,-,0.0
13,71,-,0.0
13,72,-,0.0
13,73,-,0.0
13,74,-,0.0
13,75,-,0.0
13,76,-,0.0
13,77,-,0.0
13,78,-,0.0
13,79,-,0.0
13,80,-,0.0
13,81,-,0.0
13,82,-,0.0
13,83,-,0.0
13,84,-,0.0
13,85,-,0.0
13,86,-,0.0
13,87,-,0.0
13,88,-,0.0
13,89,-,0.0
13,90,-,0.0
13,91,-,0.0
13,92,-,0.0
13,93,-,0.0
13,94,-,0.0
13,95,-,0.0
13,96,-,0.0
13,97,-,0.0
13,98,-,0.0
13,99,-,0.0
